07-Jan-83,621519
14-Jan-83,634468
21-Jan-83,630862
28-Jan-83,637996
04-Feb-83,633444
11-Feb-83,640679
18-Feb-83,645786
25-Feb-83,654800
04-Mar-83,646180
11-Mar-83,650270
18-Mar-83,645657
25-Mar-83,647475
01-Apr-83,643056
08-Apr-83,648846
15-Apr-83,655356
29-Apr-83,660163
13-May-83,663452
20-May-83,669661
03-Jun-83,661439
10-Jun-83,660809
17-Jun-83,660684
24-Jun-83,661690
01-Jul-83,665523
08-Jul-83,661437
15-Jul-83,660062
22-Jul-83,661544
29-Jul-83,666229
05-Aug-83,664421
12-Aug-83,658793
19-Aug-83,666568
26-Aug-83,674046
02-Sep-83,680678
09-Sep-83,679709
16-Sep-83,683787
23-Sep-83,686492
30-Sep-83,689484
07-Oct-83,692999
14-Oct-83,699225
21-Oct-83,696893
28-Oct-83,690351
04-Nov-83,704161
11-Nov-83,708907
18-Nov-83,705019
25-Nov-83,701334
02-Dec-83,697555
09-Dec-83,706710
16-Dec-83,705916
23-Dec-83,703653
30-Dec-83,705337
06-Jan-84,708734
13-Jan-84,714404
20-Jan-84,711607
27-Jan-84,708756
03-Feb-84,705612
10-Feb-84,705509
17-Feb-84,708374
24-Feb-84,704934
02-Mar-84,704980
09-Mar-84,700691
16-Mar-84,701182
23-Mar-84,698337
30-Mar-84,702304
06-Apr-84,714188
13-Apr-84,717586
20-Apr-84,718835
27-Apr-84,715681
04-May-84,723838
11-May-84,730750
18-May-84,740010
25-May-84,733307
01-Jun-84,742484
08-Jun-84,747383
15-Jun-84,746599
22-Jun-84,740444
29-Jun-84,748609
06-Jul-84,744108
13-Jul-84,750181
20-Jul-84,758675
27-Jul-84,751701
03-Aug-84,756297
10-Aug-84,759664
17-Aug-84,750944
24-Aug-84,754372
31-Aug-84,751064
07-Sep-84,748773
14-Sep-84,748108
21-Sep-84,737364
28-Sep-84,739492
05-Oct-84,743297
12-Oct-84,751690
19-Oct-84,748669
26-Oct-84,754795
02-Nov-84,751015
09-Nov-84,763846
16-Nov-84,773429
23-Nov-84,773912
30-Nov-84,768654
07-Dec-84,766366
14-Dec-84,777877
21-Dec-84,768096
28-Dec-84,771438
04-Jan-85,770428
11-Jan-85,774958
18-Jan-85,780308
25-Jan-85,772083
01-Feb-85,766692
08-Feb-85,763744
15-Feb-85,756182
22-Feb-85,754681
01-Mar-85,758276
08-Mar-85,763336
15-Mar-85,767742
22-Mar-85,771428
29-Mar-85,774415
05-Apr-85,763617
12-Apr-85,766706
19-Apr-85,772102
26-Apr-85,786256
03-May-85,795287
10-May-85,793732
17-May-85,796117
24-May-85,803864
31-May-85,804735
07-Jun-85,802494
14-Jun-85,804732
21-Jun-85,804696
28-Jun-85,799832
05-Jul-85,797353
12-Jul-85,792929
19-Jul-85,794981
26-Jul-85,789271
02-Aug-85,785661
09-Aug-85,791222
16-Aug-85,789594
23-Aug-85,779687
30-Aug-85,786600
06-Sep-85,781785
13-Sep-85,782583
20-Sep-85,777560
27-Sep-85,780424
04-Oct-85,783916
11-Oct-85,791591
18-Oct-85,784206
25-Oct-85,787738
01-Nov-85,780656
08-Nov-85,780274
15-Nov-85,778424
22-Nov-85,782470
29-Nov-85,785197
06-Dec-85,792203
13-Dec-85,788853
20-Dec-85,792841
27-Dec-85,791217
03-Jan-86,798463
10-Jan-86,792572
17-Jan-86,790772
24-Jan-86,799138
31-Jan-86,797385
07-Feb-86,805774
14-Feb-86,801146
21-Feb-86,795347
28-Feb-86,805240
07-Mar-86,809635
14-Mar-86,808349
21-Mar-86,811129
28-Mar-86,819985
04-Apr-86,813207
11-Apr-86,816908
18-Apr-86,814778
25-Apr-86,809669
02-May-86,816069
09-May-86,810120
16-May-86,802132
23-May-86,807720
30-May-86,805047
06-Jun-86,811116
13-Jun-86,799944
20-Jun-86,803586
27-Jun-86,805292
04-Jul-86,801127
11-Jul-86,801002
18-Jul-86,809815
25-Jul-86,813146
01-Aug-86,823410
08-Aug-86,816324
15-Aug-86,815062
22-Aug-86,813333
29-Aug-86,815928
05-Sep-86,811219
12-Sep-86,815806
19-Sep-86,812938
26-Sep-86,819659
03-Oct-86,822132
10-Oct-86,819391
17-Oct-86,826816
24-Oct-86,825240
31-Oct-86,835276
07-Nov-86,823166
14-Nov-86,828077
21-Nov-86,826852
28-Nov-86,830304
05-Dec-86,827450
12-Dec-86,830737
19-Dec-86,828638
26-Dec-86,817598
02-Jan-87,819387
09-Jan-87,828882
16-Jan-87,819732
23-Jan-87,817272
30-Jan-87,823390
06-Feb-87,823679
13-Feb-87,823320
20-Feb-87,824014
27-Feb-87,827982
06-Mar-87,827072
13-Mar-87,823961
20-Mar-87,831803
27-Mar-87,826956
03-Apr-87,834010
10-Apr-87,828837
17-Apr-87,820369
24-Apr-87,819417
01-May-87,829550
08-May-87,825486
15-May-87,823633
22-May-87,827225
29-May-87,824387
05-Jun-87,826689
12-Jun-87,827429
19-Jun-87,828312
26-Jun-87,831226
03-Jul-87,832132
10-Jul-87,830849
17-Jul-87,827036
24-Jul-87,830873
31-Jul-87,836747
07-Aug-87,831468
14-Aug-87,833262
21-Aug-87,840508
28-Aug-87,841422
04-Sep-87,845465
11-Sep-87,845005
18-Sep-87,845642
25-Sep-87,849438
02-Oct-87,848080
09-Oct-87,844855
16-Oct-87,847983
23-Oct-87,851818
30-Oct-87,864201
06-Nov-87,869362
13-Nov-87,871678
20-Nov-87,875509
27-Nov-87,873521
04-Dec-87,875851
11-Dec-87,877201
18-Dec-87,879721
25-Dec-87,879336
01-Jan-88,874314
08-Jan-88,861844
15-Jan-88,862053
22-Jan-88,861245
29-Jan-88,858440
05-Feb-88,859847
12-Feb-88,855598
19-Feb-88,864088
26-Feb-88,867717
04-Mar-88,869420
11-Mar-88,869831
18-Mar-88,873580
25-Mar-88,872216
01-Apr-88,873464
08-Apr-88,879484
15-Apr-88,879480
22-Apr-88,884261
29-Apr-88,881732
06-May-88,887593
13-May-88,890802
20-May-88,892721
27-May-88,888805
03-Jun-88,890957
10-Jun-88,889280
17-Jun-88,893477
24-Jun-88,891199
01-Jul-88,892007
08-Jul-88,890187
15-Jul-88,885007
22-Jul-88,881794
29-Jul-88,883710
05-Aug-88,881982
12-Aug-88,879618
19-Aug-88,874852
26-Aug-88,870652
02-Sep-88,865685
09-Sep-88,864719
16-Sep-88,858179
23-Sep-88,853974
30-Sep-88,860182
07-Oct-88,859596
14-Oct-88,865096
21-Oct-88,870245
28-Oct-88,872404
04-Nov-88,878098
11-Nov-88,875519
18-Nov-88,884503
25-Nov-88,880588
02-Dec-88,878419
09-Dec-88,882921
16-Dec-88,878157
23-Dec-88,873932
30-Dec-88,873167
06-Jan-89,865484
13-Jan-89,863426
20-Jan-89,867699
27-Jan-89,868194
03-Feb-89,875807
10-Feb-89,867901
17-Feb-89,869093
24-Feb-89,868629
03-Mar-89,878921
10-Mar-89,878057
17-Mar-89,883938
24-Mar-89,883413
31-Mar-89,873367
07-Apr-89,872737
14-Apr-89,868793
21-Apr-89,879185
28-Apr-89,883997
05-May-89,895047
12-May-89,897795
19-May-89,891310
26-May-89,889909
02-Jun-89,895289
09-Jun-89,892553
16-Jun-89,890135
23-Jun-89,893650
30-Jun-89,887176
07-Jul-89,887810
14-Jul-89,886281
21-Jul-89,885624
28-Jul-89,887725
04-Aug-89,887592
11-Aug-89,884553
18-Aug-89,893519
25-Aug-89,892770
01-Sep-89,893339
08-Sep-89,896173
15-Sep-89,885661
22-Sep-89,887135
29-Sep-89,890249
06-Oct-89,895525
13-Oct-89,901350
20-Oct-89,894932
27-Oct-89,900068
03-Nov-89,898681
10-Nov-89,906613
17-Nov-89,906781
24-Nov-89,903612
01-Dec-89,911872
08-Dec-89,902906
15-Dec-89,907860
22-Dec-89,905214
29-Dec-89,904134
05-Jan-90,904076
12-Jan-90,908047
19-Jan-90,906401
26-Jan-90,904351
02-Feb-90,914727
09-Feb-90,910241
16-Feb-90,907794
23-Feb-90,903218
02-Mar-90,906741
09-Mar-90,913559
16-Mar-90,912113
23-Mar-90,921348
30-Mar-90,924282
06-Apr-90,932221
13-Apr-90,933138
20-Apr-90,931578
27-Apr-90,936163
04-May-90,936904
11-May-90,942503
18-May-90,947177
25-May-90,948900
01-Jun-90,951799
08-Jun-90,953667
15-Jun-90,953182
22-Jun-90,953885
29-Jun-90,955394
06-Jul-90,952344
13-Jul-90,956879
20-Jul-90,954702
27-Jul-90,959271
03-Aug-90,951525
10-Aug-90,946681
17-Aug-90,947535
24-Aug-90,950649
31-Aug-90,946333
07-Sep-90,949206
14-Sep-90,943559
21-Sep-90,937834
28-Sep-90,928007
05-Oct-90,925894
12-Oct-90,918375
19-Oct-90,915615
26-Oct-90,916857
02-Nov-90,920758
09-Nov-90,921253
16-Nov-90,915231
23-Nov-90,911584
30-Nov-90,913758
07-Dec-90,907428
14-Dec-90,905846
21-Dec-90,907684
28-Dec-90,901612
04-Jan-91,893234
11-Jan-91,894131
18-Jan-91,892742
25-Jan-91,892735
01-Feb-91,895841
08-Feb-91,896124
15-Feb-91,900784
22-Feb-91,899428
01-Mar-91,897522
08-Mar-91,892038
15-Mar-91,895651
22-Mar-91,893991
29-Mar-91,897685
05-Apr-91,889746
12-Apr-91,894244
19-Apr-91,891158
26-Apr-91,896702
03-May-91,892623
10-May-91,892389
17-May-91,898381
24-May-91,897808
31-May-91,904685
07-Jun-91,905491
14-Jun-91,906290
21-Jun-91,904911
28-Jun-91,901859
05-Jul-91,903062
12-Jul-91,902012
19-Jul-91,900227
26-Jul-91,896458
02-Aug-91,897147
09-Aug-91,898861
16-Aug-91,896942
23-Aug-91,902246
30-Aug-91,904148
06-Sep-91,894389
13-Sep-91,887822
20-Sep-91,887953
27-Sep-91,892660
04-Oct-91,891572
11-Oct-91,894905
18-Oct-91,892445
25-Oct-91,901266
01-Nov-91,895148
08-Nov-91,898963
15-Nov-91,904101
22-Nov-91,898093
29-Nov-91,892636
06-Dec-91,897629
13-Dec-91,891591
20-Dec-91,887439
27-Dec-91,877359
03-Jan-92,883325
10-Jan-92,886822
17-Jan-92,885646
24-Jan-92,891317
31-Jan-92,886901
07-Feb-92,886715
14-Feb-92,884910
21-Feb-92,888085
28-Feb-92,895106
06-Mar-92,901404
13-Mar-92,895959
20-Mar-92,899490
27-Mar-92,893970
03-Apr-92,890369
10-Apr-92,898825
17-Apr-92,901631
24-Apr-92,902433
01-May-92,903887
08-May-92,903227
15-May-92,904522
22-May-92,899933
29-May-92,897287
05-Jun-92,898109
12-Jun-92,898908
19-Jun-92,892607
26-Jun-92,882710
03-Jul-92,881717
10-Jul-92,884380
17-Jul-92,878013
24-Jul-92,877987
31-Jul-92,883778
07-Aug-92,882007
14-Aug-92,881014
21-Aug-92,885873
28-Aug-92,878737
04-Sep-92,880886
11-Sep-92,880433
18-Sep-92,881269
25-Sep-92,876535
02-Oct-92,880511
09-Oct-92,879730
16-Oct-92,883838
23-Oct-92,884863
30-Oct-92,888470
06-Nov-92,882153
13-Nov-92,875112
20-Nov-92,880930
27-Nov-92,882477
04-Dec-92,881426
11-Dec-92,887200
18-Dec-92,887235
25-Dec-92,875615
01-Jan-93,876611
08-Jan-93,874064
15-Jan-93,882249
22-Jan-93,881251
29-Jan-93,883355
05-Feb-93,887030
12-Feb-93,893719
19-Feb-93,883668
26-Feb-93,891690
05-Mar-93,897703
12-Mar-93,903521
19-Mar-93,891156
26-Mar-93,899598
02-Apr-93,900495
09-Apr-93,913006
16-Apr-93,903746
23-Apr-93,906088
30-Apr-93,910430
07-May-93,911324
14-May-93,916789
21-May-93,920155
28-May-93,916420
04-Jun-93,914807
11-Jun-93,906891
18-Jun-93,916450
25-Jun-93,922740
02-Jul-93,914521
09-Jul-93,918171
16-Jul-93,926522
23-Jul-93,920995
30-Jul-93,916578
06-Aug-93,917991
13-Aug-93,913740
20-Aug-93,909179
27-Aug-93,910619
03-Sep-93,904586
10-Sep-93,905908
17-Sep-93,906793
24-Sep-93,897592
01-Oct-93,895578
08-Oct-93,899907
15-Oct-93,895285
22-Oct-93,902793
29-Oct-93,904663
05-Nov-93,901318
12-Nov-93,906498
19-Nov-93,901306
26-Nov-93,902758
03-Dec-93,908302
10-Dec-93,914631
17-Dec-93,917131
24-Dec-93,916963
31-Dec-93,910560
07-Jan-94,903673
14-Jan-94,903479
21-Jan-94,898067
28-Jan-94,901175
04-Feb-94,905029
11-Feb-94,900674
18-Feb-94,903702
25-Feb-94,896520
04-Mar-94,904138
11-Mar-94,899062
18-Mar-94,912941
25-Mar-94,907810
01-Apr-94,907886
08-Apr-94,909488
15-Apr-94,912342
22-Apr-94,912420
29-Apr-94,913330
06-May-94,907637
13-May-94,906693
20-May-94,908347
27-May-94,907253
03-Jun-94,902769
10-Jun-94,899965
17-Jun-94,898398
24-Jun-94,901877
01-Jul-94,902820
08-Jul-94,903485
15-Jul-94,906667
22-Jul-94,909925
29-Jul-94,904073
05-Aug-94,901556
12-Aug-94,904670
19-Aug-94,901834
26-Aug-94,899390
02-Sep-94,899205
09-Sep-94,898945
16-Sep-94,900400
23-Sep-94,906295
30-Sep-94,909566
07-Oct-94,908634
14-Oct-94,913075
21-Oct-94,911246
28-Oct-94,920581
04-Nov-94,919593
11-Nov-94,918863
18-Nov-94,915885
25-Nov-94,913413
02-Dec-94,913367
09-Dec-94,911878
16-Dec-94,911223
23-Dec-94,911909
30-Dec-94,904519
06-Jan-95,906233
13-Jan-95,904948
20-Jan-95,898534
27-Jan-95,898253
03-Feb-95,901480
10-Feb-95,895147
17-Feb-95,902510
24-Feb-95,896939
03-Mar-95,899905
10-Mar-95,900392
17-Mar-95,900931
24-Mar-95,904981
31-Mar-95,912742
07-Apr-95,909938
14-Apr-95,911122
21-Apr-95,914145
28-Apr-95,910037
05-May-95,908116
12-May-95,908938
19-May-95,904789
26-May-95,901770
02-Jun-95,899614
09-Jun-95,899059
16-Jun-95,898570
23-Jun-95,891103
30-Jun-95,894829
07-Jul-95,893654
14-Jul-95,893637
21-Jul-95,886757
28-Jul-95,889706
04-Aug-95,882865
11-Aug-95,885340
18-Aug-95,877950
25-Aug-95,880903
01-Sep-95,888324
08-Sep-95,883722
15-Sep-95,882818
22-Sep-95,882268
29-Sep-95,877213
06-Oct-95,872829
13-Oct-95,872804
20-Oct-95,874975
27-Oct-95,876499
03-Nov-95,879790
10-Nov-95,878159
17-Nov-95,887768
24-Nov-95,893847
01-Dec-95,890735
08-Dec-95,886475
15-Dec-95,892325
22-Dec-95,886465
29-Dec-95,876239
05-Jan-96,877271
12-Jan-96,880191
19-Jan-96,884469
26-Jan-96,882724
02-Feb-96,880314
09-Feb-96,878080
16-Feb-96,875010
23-Feb-96,875353
01-Mar-96,872078
08-Mar-96,880303
15-Mar-96,875021
22-Mar-96,873804
29-Mar-96,869246
05-Apr-96,871553
12-Apr-96,871467
19-Apr-96,866788
26-Apr-96,865917
03-May-96,873097
10-May-96,871395
17-May-96,866935
24-May-96,868063
31-May-96,879330
07-Jun-96,877666
14-Jun-96,874656
21-Jun-96,874178
28-Jun-96,881031
05-Jul-96,882687
12-Jul-96,879679
19-Jul-96,875440
26-Jul-96,876086
02-Aug-96,873207
09-Aug-96,870523
16-Aug-96,871882
23-Aug-96,881010
30-Aug-96,874299
06-Sep-96,870137
13-Sep-96,866819
20-Sep-96,867471
27-Sep-96,860303
04-Oct-96,859926
11-Oct-96,856619
18-Oct-96,862360
25-Oct-96,859301
01-Nov-96,869551
08-Nov-96,864383
15-Nov-96,861687
22-Nov-96,855564
29-Nov-96,854847
06-Dec-96,852835
13-Dec-96,849608
20-Dec-96,841779
27-Dec-96,843594
03-Jan-97,834666
10-Jan-97,838772
17-Jan-97,836679
24-Jan-97,839646
31-Jan-97,844691
07-Feb-97,847731
14-Feb-97,852214
21-Feb-97,852050
28-Feb-97,846627
07-Mar-97,851957
14-Mar-97,852059
21-Mar-97,850971
28-Mar-97,857317
04-Apr-97,857515
11-Apr-97,860134
18-Apr-97,861594
25-Apr-97,864420
02-May-97,864354
09-May-97,870743
16-May-97,865308
23-May-97,868522
30-May-97,872724
06-Jun-97,872308
13-Jun-97,871048
20-Jun-97,870585
27-Jun-97,864858
04-Jul-97,869677
11-Jul-97,867214
18-Jul-97,865229
25-Jul-97,855339
01-Aug-97,854575
08-Aug-97,859710
15-Aug-97,860334
22-Aug-97,855080
29-Aug-97,853478
05-Sep-97,847380
12-Sep-97,851171
19-Sep-97,847288
26-Sep-97,848606
03-Oct-97,853393
10-Oct-97,851216
17-Oct-97,847918
24-Oct-97,852523
31-Oct-97,858542
07-Nov-97,857233
14-Nov-97,862514
21-Nov-97,866288
28-Nov-97,869108
05-Dec-97,864350
12-Dec-97,866890
19-Dec-97,862912
26-Dec-97,859660
02-Jan-98,853194
09-Jan-98,852114
16-Jan-98,863326
23-Jan-98,869012
30-Jan-98,868440
06-Feb-98,868412
13-Feb-98,870115
20-Feb-98,872998
27-Feb-98,871399
06-Mar-98,870624
13-Mar-98,868563
20-Mar-98,875032
27-Mar-98,876626
03-Apr-98,877995
10-Apr-98,883325
17-Apr-98,888332
24-Apr-98,888635
01-May-98,890794
08-May-98,890131
15-May-98,901354
22-May-98,898108
29-May-98,893820
05-Jun-98,892960
12-Jun-98,890262
19-Jun-98,888610
26-Jun-98,890271
03-Jul-98,887485
10-Jul-98,880854
17-Jul-98,886395
24-Jul-98,890224
31-Jul-98,890907
07-Aug-98,891852
14-Aug-98,891316
21-Aug-98,884438
28-Aug-98,884120
04-Sep-98,875483
11-Sep-98,873101
18-Sep-98,863762
25-Sep-98,866859
02-Oct-98,869319
09-Oct-98,876108
16-Oct-98,879653
23-Oct-98,883390
30-Oct-98,887165
06-Nov-98,886358
13-Nov-98,884412
20-Nov-98,889569
27-Nov-98,884001
04-Dec-98,882480
11-Dec-98,885899
18-Dec-98,891889
25-Dec-98,889231
01-Jan-99,874253
08-Jan-99,876793
15-Jan-99,879500
22-Jan-99,885553
29-Jan-99,888135
05-Feb-99,888536
12-Feb-99,887344
19-Feb-99,890431
26-Feb-99,887225
05-Mar-99,890217
12-Mar-99,893880
19-Mar-99,896687
26-Mar-99,900490
02-Apr-99,898719
09-Apr-99,900836
16-Apr-99,897680
23-Apr-99,894237
30-Apr-99,892096
07-May-99,889490
14-May-99,890544
21-May-99,888221
28-May-99,887174
04-Jun-99,889310
11-Jun-99,892267
18-Jun-99,889544
25-Jun-99,887820
02-Jul-99,887625
09-Jul-99,891313
16-Jul-99,892891
23-Jul-99,887715
30-Jul-99,884315
06-Aug-99,882048
13-Aug-99,881318
20-Aug-99,876793
27-Aug-99,877355
03-Sep-99,872914
10-Sep-99,868632
17-Sep-99,867995
24-Sep-99,863738
01-Oct-99,863271
08-Oct-99,856062
15-Oct-99,860081
22-Oct-99,860350
29-Oct-99,864071
05-Nov-99,861746
12-Nov-99,863524
19-Nov-99,858663
26-Nov-99,853174
03-Dec-99,852178
10-Dec-99,845452
17-Dec-99,844622
24-Dec-99,844029
31-Dec-99,842310
07-Jan-00,844791
14-Jan-00,844982
21-Jan-00,843147
28-Jan-00,835028
04-Feb-00,838976
11-Feb-00,839088
18-Feb-00,838780
25-Feb-00,838911
03-Mar-00,843876
10-Mar-00,844307
17-Mar-00,845945
24-Mar-00,845795
31-Mar-00,847336
07-Apr-00,850183
14-Apr-00,855678
21-Apr-00,860748
28-Apr-00,857484
05-May-00,862020
12-May-00,862270
19-May-00,863219
26-May-00,858618
02-Jun-00,854488
09-Jun-00,853052
16-Jun-00,848491
23-Jun-00,847822
30-Jun-00,846028
07-Jul-00,847777
14-Jul-00,847768
21-Jul-00,848042
28-Jul-00,837588
04-Aug-00,840011
11-Aug-00,843925
18-Aug-00,839767
25-Aug-00,842054
01-Sep-00,844797
08-Sep-00,844129
15-Sep-00,841647
22-Sep-00,841146
29-Sep-00,841541
06-Oct-00,842032
13-Oct-00,837997
20-Oct-00,840402
27-Oct-00,836037
03-Nov-00,832589
10-Nov-00,832589
17-Nov-00,834581
24-Nov-00,828454
01-Dec-00,828995
08-Dec-00,820530
15-Dec-00,819194
22-Dec-00,816514
29-Dec-00,813959
05-Jan-01,812750
12-Jan-01,811740
19-Jan-01,810630
26-Jan-01,807060
02-Feb-01,810971
09-Feb-01,814338
16-Feb-01,802458
23-Feb-01,805337
02-Mar-01,802625
09-Mar-01,811050
16-Mar-01,816213
23-Mar-01,827401
30-Mar-01,829086
06-Apr-01,832897
13-Apr-01,839107
20-Apr-01,837742
27-Apr-01,844067
04-May-01,845144
11-May-01,848081
18-May-01,851423
25-May-01,849681
01-Jun-01,851183
08-Jun-01,842979
15-Jun-01,842251
22-Jun-01,842243
29-Jun-01,837490
06-Jul-01,834845
13-Jul-01,841866
20-Jul-01,843246
27-Jul-01,842196
03-Aug-01,835537
10-Aug-01,832688
17-Aug-01,828685
24-Aug-01,831382
31-Aug-01,829428
07-Sep-01,830389
14-Sep-01,830307
21-Sep-01,833974
28-Sep-01,835586
05-Oct-01,835459
12-Oct-01,831019
19-Oct-01,833842
26-Oct-01,836298
02-Nov-01,840757
09-Nov-01,841019
16-Nov-01,840320
23-Nov-01,837664
30-Nov-01,842465
07-Dec-01,840128
14-Dec-01,841508
21-Dec-01,844824
28-Dec-01,842654
04-Jan-02,844645
11-Jan-02,846705
18-Jan-02,850640
25-Jan-02,853793
01-Feb-02,856721
08-Feb-02,862065
15-Feb-02,859337
22-Feb-02,858593
01-Mar-02,863481
08-Mar-02,864053
15-Mar-02,867613
22-Mar-02,863169
29-Mar-02,869193
05-Apr-02,870028
12-Apr-02,865998
19-Apr-02,869400
26-Apr-02,874551
03-May-02,870114
10-May-02,866889
17-May-02,872140
24-May-02,871756
31-May-02,879039
07-Jun-02,878974
14-Jun-02,879382
21-Jun-02,877526
28-Jun-02,880183
05-Jul-02,876805
12-Jul-02,875906
19-Jul-02,872747
26-Jul-02,870770
02-Aug-02,869164
09-Aug-02,862532
16-Aug-02,865875
23-Aug-02,866770
30-Aug-02,862811
06-Sep-02,859139
13-Sep-02,855101
20-Sep-02,852861
27-Sep-02,844179
04-Oct-02,840480
11-Oct-02,850954
18-Oct-02,858130
25-Oct-02,859477
01-Nov-02,863471
08-Nov-02,858147
15-Nov-02,863910
22-Nov-02,861568
29-Nov-02,865775
06-Dec-02,869699
13-Dec-02,868583
20-Dec-02,870009
27-Dec-02,860984
03-Jan-03,861603
10-Jan-03,855330
17-Jan-03,856915
24-Jan-03,856403
31-Jan-03,857347
07-Feb-03,853026
14-Feb-03,856084
21-Feb-03,855050
28-Feb-03,856747
07-Mar-03,852459
14-Mar-03,852931
21-Mar-03,856636
28-Mar-03,863369
04-Apr-03,859871
11-Apr-03,860204
18-Apr-03,869175
25-Apr-03,870997
02-May-03,870684
09-May-03,868766
16-May-03,870120
23-May-03,871669
30-May-03,875458
06-Jun-03,872215
13-Jun-03,877458
20-Jun-03,873611
27-Jun-03,873290
04-Jul-03,874511
11-Jul-03,871489
18-Jul-03,869850
25-Jul-03,871644
01-Aug-03,876495
08-Aug-03,876824
15-Aug-03,875376
22-Aug-03,878418
29-Aug-03,881246
05-Sep-03,878240
12-Sep-03,883161
19-Sep-03,885790
26-Sep-03,886376
03-Oct-03,893028
10-Oct-03,898706
17-Oct-03,898318
24-Oct-03,903615
31-Oct-03,904900
07-Nov-03,905184
14-Nov-03,909107
21-Nov-03,904631
28-Nov-03,900547
05-Dec-03,895901
12-Dec-03,891298
19-Dec-03,893901
26-Dec-03,890821
02-Jan-04,890843
09-Jan-04,886904
16-Jan-04,888425
23-Jan-04,887785
30-Jan-04,896308
06-Feb-04,894047
13-Feb-04,900536
20-Feb-04,902419
27-Feb-04,905673
05-Mar-04,910271
12-Mar-04,912509
19-Mar-04,921410
26-Mar-04,928421
02-Apr-04,928261
09-Apr-04,932251
16-Apr-04,933786
23-Apr-04,939155
30-Apr-04,940336
07-May-04,942709
14-May-04,941911
21-May-04,942085
28-May-04,945730
04-Jun-04,947442
11-Jun-04,948290
18-Jun-04,950705
25-Jun-04,951242
02-Jul-04,951332
09-Jul-04,949656
16-Jul-04,946080
23-Jul-04,948346
30-Jul-04,947080
06-Aug-04,944097
13-Aug-04,943398
20-Aug-04,942724
27-Aug-04,939800
03-Sep-04,938757
10-Sep-04,932043
17-Sep-04,923487
24-Sep-04,927473
01-Oct-04,928062
08-Oct-04,931315
15-Oct-04,932262
22-Oct-04,936852
29-Oct-04,943244
05-Nov-04,945555
12-Nov-04,947295
19-Nov-04,947379
26-Nov-04,948228
03-Dec-04,950294
10-Dec-04,950630
17-Dec-04,953126
24-Dec-04,952267
31-Dec-04,949442
07-Jan-05,948666
14-Jan-05,952921
21-Jan-05,957508
28-Jan-05,958193
04-Feb-05,957831
11-Feb-05,960813
18-Feb-05,961965
25-Feb-05,964814
04-Mar-05,968291
11-Mar-05,972526
18-Mar-05,978334
25-Mar-05,985227
01-Apr-05,988651
08-Apr-05,993556
15-Apr-05,992836
22-Apr-05,999187
29-Apr-05,1002342
06-May-05,1005574
13-May-05,1010372
20-May-05,1009127
27-May-05,1011001
03-Jun-05,1008650
10-Jun-05,1007863
17-Jun-05,1006912
24-Jun-05,1008253
01-Jul-05,1005184
08-Jul-05,1001985
15-Jul-05,1001569
22-Jul-05,999840
29-Jul-05,1000241
05-Aug-05,1003723
12-Aug-05,1004787
19-Aug-05,1007114
26-Aug-05,1005863
02-Sep-05,999438
09-Sep-05,991578
16-Sep-05,988520
23-Sep-05,985144
30-Sep-05,982648
07-Oct-05,980844
14-Oct-05,984579
21-Oct-05,987393
28-Oct-05,988227
04-Nov-05,991936
11-Nov-05,989977
18-Nov-05,990031
25-Nov-05,986543
02-Dec-05,989830
09-Dec-05,990722
16-Dec-05,991522
23-Dec-05,991640
30-Dec-05,990127
06-Jan-06,986884
13-Jan-06,989625
20-Jan-06,987512
27-Jan-06,988635
03-Feb-06,988423
10-Feb-06,993276
17-Feb-06,994797
24-Feb-06,996735
03-Mar-06,1003576
10-Mar-06,1008412
17-Mar-06,1007502
24-Mar-06,1010032
31-Mar-06,1012742
07-Apr-06,1016051
14-Apr-06,1015684
21-Apr-06,1015678
28-Apr-06,1017903
05-May-06,1018672
12-May-06,1019149
19-May-06,1016151
26-May-06,1017749
02-Jun-06,1019032
09-Jun-06,1018051
16-Jun-06,1019438
23-Jun-06,1016108
30-Jun-06,1013687
07-Jul-06,1007007
14-Jul-06,1007157
21-Jul-06,1007187
28-Jul-06,1005412
04-Aug-06,1004225
11-Aug-06,1002618
18-Aug-06,1001973
25-Aug-06,1004453
01-Sep-06,1002349
08-Sep-06,999443
15-Sep-06,996594
22-Sep-06,996484
29-Sep-06,999839
06-Oct-06,1002059
13-Oct-06,1007078
20-Oct-06,1004142
27-Oct-06,1006295
03-Nov-06,1006889
10-Nov-06,1008262
17-Nov-06,1013423
24-Nov-06,1013063
01-Dec-06,1011873
08-Dec-06,1007578
15-Dec-06,1001255
22-Dec-06,993123
29-Dec-06,991824
05-Jan-07,986075
12-Jan-07,992843
19-Jan-07,993632
26-Jan-07,996316
02-Feb-07,995798
09-Feb-07,995209
16-Feb-07,998903
23-Feb-07,1000324
02-Mar-07,995426
09-Mar-07,996606
16-Mar-07,1000530
23-Mar-07,999683
30-Mar-07,1003990
06-Apr-07,1004880
13-Apr-07,1004140
20-Apr-07,1006324
27-Apr-07,1007781
04-May-07,1013417
11-May-07,1014610
18-May-07,1016661
25-May-07,1015002
01-Jun-07,1015497
08-Jun-07,1015579
15-Jun-07,1022481
22-Jun-07,1024043
29-Jun-07,1027194
06-Jul-07,1025606
13-Jul-07,1025157
20-Jul-07,1024054
27-Jul-07,1017557
03-Aug-07,1013596
10-Aug-07,1008429
17-Aug-07,1010319
24-Aug-07,1006834
31-Aug-07,1002862
07-Sep-07,996015
14-Sep-07,992616
21-Sep-07,996087
28-Sep-07,997488
05-Oct-07,995678
12-Oct-07,997964
19-Oct-07,993222
26-Oct-07,989420
02-Nov-07,988552
09-Nov-07,992011
16-Nov-07,991033
23-Nov-07,990581
30-Nov-07,983304
07-Dec-07,982309
14-Dec-07,974820
21-Dec-07,971422
28-Dec-07,968240
04-Jan-08,961910
11-Jan-08,967689
18-Jan-08,970063
25-Jan-08,973617
01-Feb-08,980594
08-Feb-08,981755
15-Feb-08,985959
22-Feb-08,989418
29-Feb-08,986496
07-Mar-08,993007
14-Mar-08,993822
21-Mar-08,993909
28-Mar-08,1001473
04-Apr-08,998888
11-Apr-08,997173
18-Apr-08,999713
25-Apr-08,1003768
02-May-08,1009413
09-May-08,1010250
16-May-08,1005591
23-May-08,997347
30-May-08,993358
06-Jun-08,988932
13-Jun-08,988181
20-Jun-08,989086
27-Jun-08,988081
04-Jul-08,982508
11-Jul-08,985572
18-Jul-08,984130
25-Jul-08,984165
01-Aug-08,986178
08-Aug-08,986262
15-Aug-08,995651
22-Aug-08,995473
29-Aug-08,993575
05-Sep-08,987695
12-Sep-08,981366
19-Sep-08,978423
26-Sep-08,981326
03-Oct-08,987518
10-Oct-08,992849
17-Oct-08,995784
24-Oct-08,996223
31-Oct-08,996277
07-Nov-08,996225
14-Nov-08,997823
21-Nov-08,1005103
28-Nov-08,1004647
05-Dec-08,1004997
12-Dec-08,1005522
19-Dec-08,1002419
26-Dec-08,1002966
02-Jan-09,1009060
09-Jan-09,1010270
16-Jan-09,1016543
23-Jan-09,1023494
30-Jan-09,1031387
06-Feb-09,1036330
13-Feb-09,1036291
20-Feb-09,1037237
27-Feb-09,1037212
06-Mar-09,1038519
13-Mar-09,1042262
20-Mar-09,1047411
27-Mar-09,1051927
03-Apr-09,1055215
10-Apr-09,1062149
17-Apr-09,1067304
24-Apr-09,1072582
01-May-09,1075600
08-May-09,1071826
15-May-09,1070460
22-May-09,1066332
29-May-09,1069282
05-Jun-09,1064886
12-Jun-09,1061597
19-Jun-09,1058224
26-Jun-09,1055203
03-Jul-09,1052501
10-Jul-09,1050368
17-Jul-09,1048571
24-Jul-09,1053722
31-Jul-09,1055392
07-Aug-09,1058086
14-Aug-09,1049688
21-Aug-09,1049816
28-Aug-09,1049443
04-Sep-09,1043637
11-Sep-09,1039407
18-Sep-09,1042760
25-Sep-09,1045554
02-Oct-09,1044419
09-Oct-09,1044753
16-Oct-09,1046063
23-Oct-09,1046839
30-Oct-09,1042903
06-Nov-09,1044690
13-Nov-09,1043803
20-Nov-09,1044821
27-Nov-09,1047435
04-Dec-09,1044166
11-Dec-09,1040477
18-Dec-09,1035635
25-Dec-09,1034096
01-Jan-10,1033243
08-Jan-10,1036941
15-Jan-10,1036470
22-Jan-10,1032581
29-Jan-10,1034898
05-Feb-10,1037189
12-Feb-10,1040274
19-Feb-10,1043308
26-Feb-10,1047340
05-Mar-10,1048808
12-Mar-10,1049820
19-Mar-10,1057064
26-Mar-10,1059993
02-Apr-10,1062138
09-Apr-10,1059934
16-Apr-10,1061826
23-Apr-10,1063788
30-Apr-10,1066543
07-May-10,1068460
14-May-10,1068620
21-May-10,1071080
28-May-10,1069176
04-Jun-10,1067501
11-Jun-10,1069190
18-Jun-10,1071207
25-Jun-10,1069198
02-Jul-10,1064153
09-Jul-10,1059095
16-Jul-10,1059455
23-Jul-10,1066761
30-Jul-10,1063977
06-Aug-10,1060976
13-Aug-10,1060158
20-Aug-10,1064264
27-Aug-10,1067688
03-Sep-10,1065918
10-Sep-10,1063429
17-Sep-10,1063995
24-Sep-10,1063693
01-Oct-10,1066536
08-Oct-10,1066283
15-Oct-10,1066948
22-Oct-10,1071996
29-Oct-10,1073946
05-Nov-10,1070399
12-Nov-10,1063113
19-Nov-10,1064141
26-Nov-10,1065206
03-Dec-10,1061072
10-Dec-10,1051218
17-Dec-10,1045883
24-Dec-10,1044625
31-Dec-10,1040464
07-Jan-11,1038071
14-Jan-11,1040687
21-Jan-11,1045523
28-Jan-11,1048117
04-Feb-11,1049948
11-Feb-11,1050807
18-Feb-11,1051629
25-Feb-11,1051265
04-Mar-11,1053641
11-Mar-11,1055386
18-Mar-11,1057517
25-Mar-11,1060462
01-Apr-11,1062078
08-Apr-11,1063705
15-Apr-11,1061383
22-Apr-11,1067539
29-Apr-11,1070960
06-May-11,1074592
13-May-11,1074577
20-May-11,1075193
27-May-11,1078071
03-Jun-11,1073439
10-Jun-11,1070033
17-Jun-11,1068311
24-Jun-11,1063936
01-Jul-11,1063063
08-Jul-11,1059939
15-Jul-11,1056212
22-Jul-11,1056240
29-Jul-11,1052688
05-Aug-11,1045073
12-Aug-11,1043392
19-Aug-11,1036377
26-Aug-11,1036932
02-Sep-11,1028085
09-Sep-11,1020381
16-Sep-11,1013045
23-Sep-11,1014974
30-Sep-11,1010295
07-Oct-11,1011531
14-Oct-11,1006797
21-Oct-11,1011532
28-Oct-11,1013358
04-Nov-11,1011770
11-Nov-11,1010713
18-Nov-11,1004495
25-Nov-11,1008427
02-Dec-11,1009576
09-Dec-11,1007644
16-Dec-11,997074
23-Dec-11,1000973
30-Dec-11,1003182
06-Jan-12,1005007
13-Jan-12,1001569
20-Jan-12,1005127
27-Jan-12,1009302
03-Feb-12,1009593
10-Feb-12,1009422
17-Feb-12,1011055
24-Feb-12,1015215
02-Mar-12,1016063
09-Mar-12,1017813
16-Mar-12,1016651
23-Mar-12,1023753
30-Mar-12,1032762
06-Apr-12,1035328
13-Apr-12,1039184
20-Apr-12,1043162
27-Apr-12,1046002
04-May-12,1051291
11-May-12,1053419
18-May-12,1054302
25-May-12,1056515
01-Jun-12,1054752
08-Jun-12,1054561
15-Jun-12,1057422
22-Jun-12,1057289
29-Jun-12,1053019
06-Jul-12,1048164
13-Jul-12,1047355
20-Jul-12,1050072
27-Jul-12,1043549
03-Aug-12,1039774
10-Aug-12,1036075
17-Aug-12,1030663
24-Aug-12,1034441
31-Aug-12,1027015
07-Sep-12,1027424
14-Sep-12,1035960
21-Sep-12,1033514
28-Sep-12,1033032
05-Oct-12,1034544
12-Oct-12,1037404
19-Oct-12,1043300
26-Oct-12,1041255
02-Nov-12,1042802
09-Nov-12,1043891
16-Nov-12,1042425
23-Nov-12,1042078
30-Nov-12,1039721
07-Dec-12,1039861
14-Dec-12,1038897
21-Dec-12,1038311
28-Dec-12,1027191
04-Jan-13,1028083
11-Jan-13,1027447
18-Jan-13,1030260
25-Jan-13,1036400
01-Feb-13,1039081
08-Feb-13,1039803
15-Feb-13,1043946
22-Feb-13,1045076
01-Mar-13,1048812
08-Mar-13,1051436
15-Mar-13,1050122
22-Mar-13,1053378
29-Mar-13,1056085
05-Apr-13,1055967
12-Apr-13,1054734
19-Apr-13,1055681
26-Apr-13,1062377
03-May-13,1062748
10-May-13,1062124
17-May-13,1061786
24-May-13,1064786
31-May-13,1058519
07-Jun-13,1061148
14-Jun-13,1061461
21-Jun-13,1061479
28-Jun-13,1051132
05-Jul-13,1041395
12-Jul-13,1034493
19-Jul-13,1031668
26-Jul-13,1032099
02-Aug-13,1030668
09-Aug-13,1027856
16-Aug-13,1026428
23-Aug-13,1029414
30-Aug-13,1027578
06-Sep-13,1026960
13-Sep-13,1022592
20-Sep-13,1025227
27-Sep-13,1030699
04-Oct-13,1037443
11-Oct-13,1041442
18-Oct-13,1046688
25-Oct-13,1050775
01-Nov-13,1051964
08-Nov-13,1054604
15-Nov-13,1054979
22-Nov-13,1057932
29-Nov-13,1052347
06-Dec-13,1041343
13-Dec-13,1038402
20-Dec-13,1033671
27-Dec-13,1026664
03-Jan-14,1022706
10-Jan-14,1015048
17-Jan-14,1016038
24-Jan-14,1022459
31-Jan-14,1022899
07-Feb-14,1025952
14-Feb-14,1026925
21-Feb-14,1026993
28-Feb-14,1028422
07-Mar-14,1034302
14-Mar-14,1040152
21-Mar-14,1046771
28-Mar-14,1044392
04-Apr-14,1048070
11-Apr-14,1057460
18-Apr-14,1060446
25-Apr-14,1061189
02-May-14,1058868
09-May-14,1058471
16-May-14,1050696
23-May-14,1052353
30-May-14,1048922
06-Jun-14,1046192
13-Jun-14,1045614
20-Jun-14,1047356
27-Jun-14,1044201
04-Jul-14,1041794
11-Jul-14,1034269
18-Jul-14,1030300
25-Jul-14,1026603
01-Aug-14,1025139
08-Aug-14,1026540
15-Aug-14,1022066
22-Aug-14,1019996
29-Aug-14,1019091
05-Sep-14,1018400
12-Sep-14,1022073
19-Sep-14,1017800
26-Sep-14,1016435
03-Oct-14,1021349
10-Oct-14,1030271
17-Oct-14,1037382
24-Oct-14,1039442
31-Oct-14,1039902
07-Nov-14,1037116
14-Nov-14,1039724
21-Nov-14,1041670
28-Nov-14,1037980
05-Dec-14,1039276
12-Dec-14,1038429
19-Dec-14,1045696
26-Dec-14,1043942
02-Jan-15,1039767
09-Jan-15,1045154
16-Jan-15,1055224
23-Jan-15,1064097
30-Jan-15,1070430
06-Feb-15,1074756
13-Feb-15,1082471
20-Feb-15,1090898
27-Feb-15,1101201
06-Mar-15,1106378
13-Mar-15,1116000
20-Mar-15,1124169
27-Mar-15,1128935
03-Apr-15,1140614
10-Apr-15,1141906
17-Apr-15,1147221
24-Apr-15,1149129
01-May-15,1145027
08-May-15,1142835
15-May-15,1140474
22-May-15,1138259
29-May-15,1136810
05-Jun-15,1130792
12-Jun-15,1128715
19-Jun-15,1124131
26-Jun-15,1126915
03-Jul-15,1127937
10-Jul-15,1123990
17-Jul-15,1126971
24-Jul-15,1122767
31-Jul-15,1118360
07-Aug-15,1116956
14-Aug-15,1119575
21-Aug-15,1114123
28-Aug-15,1118790
04-Sep-15,1121192
11-Sep-15,1119088
18-Sep-15,1117163
25-Sep-15,1121116
02-Oct-15,1124156
09-Oct-15,1131718
16-Oct-15,1139745
23-Oct-15,1143121
30-Oct-15,1145968
06-Nov-15,1149948
13-Nov-15,1150200
20-Nov-15,1151160
27-Nov-15,1152337
04-Dec-15,1148676
11-Dec-15,1153477
18-Dec-15,1147600
25-Dec-15,1150226
01-Jan-16,1146076
08-Jan-16,1146309
15-Jan-16,1150287
22-Jan-16,1158670
29-Jan-16,1166461
05-Feb-16,1165792
12-Feb-16,1167939
19-Feb-16,1171440
26-Feb-16,1181814
04-Mar-16,1185955
11-Mar-16,1187274
18-Mar-16,1196631
25-Mar-16,1198928
01-Apr-16,1193710
08-Apr-16,1200344
15-Apr-16,1202424
22-Apr-16,1204422
29-Apr-16,1207203
06-May-16,1203594
13-May-16,1204904
20-May-16,1200677
27-May-16,1199311
03-Jun-16,1196948
10-Jun-16,1196015
17-Jun-16,1195098
24-Jun-16,1191045
01-Jul-16,1188820
08-Jul-16,1186272
15-Jul-16,1183929
22-Jul-16,1185600
29-Jul-16,1187013
05-Aug-16,1188065
12-Aug-16,1185557
19-Aug-16,1188057
26-Aug-16,1190332
02-Sep-16,1175818
09-Sep-16,1175259
16-Sep-16,1169058
23-Sep-16,1167176
30-Sep-16,1164199
07-Oct-16,1169048
14-Oct-16,1163800
21-Oct-16,1163247
28-Oct-16,1177666
04-Nov-16,1180097
11-Nov-16,1185371
18-Nov-16,1184115
25-Nov-16,1183230
02-Dec-16,1180840
09-Dec-16,1178277
16-Dec-16,1180532
23-Dec-16,1181145
30-Dec-16,1174094
06-Jan-17,1178191
13-Jan-17,1180537
20-Jan-17,1183377
27-Jan-17,1189841
03-Feb-17,1203670
10-Feb-17,1213197
17-Feb-17,1213761
24-Feb-17,1215260
03-Mar-17,1223218
10-Mar-17,1222165
17-Mar-17,1226493
24-Mar-17,1226636
31-Mar-17,1227678
07-Apr-17,1224887
14-Apr-17,1223654
21-Apr-17,1219512
28-Apr-17,1217110
05-May-17,1211312
12-May-17,1208831
19-May-17,1204001
26-May-17,1196594
02-Jun-17,1198233
09-Jun-17,1196171
16-Jun-17,1192937
23-Jun-17,1191649
30-Jun-17,1184951
07-Jul-17,1174237
14-Jul-17,1169508
21-Jul-17,1162300
28-Jul-17,1160772
04-Aug-17,1154320
11-Aug-17,1145375
18-Aug-17,1142048
25-Aug-17,1136653
01-Sep-17,1140953
08-Sep-17,1145248
15-Sep-17,1148229
22-Sep-17,1145587
29-Sep-17,1138612
06-Oct-17,1134665
13-Oct-17,1128176
20-Oct-17,1128718
27-Oct-17,1125493
03-Nov-17,1127049
10-Nov-17,1128197
17-Nov-17,1124617
24-Nov-17,1118824
01-Dec-17,1110766
08-Dec-17,1105897
15-Dec-17,1099785
22-Dec-17,1095274
29-Dec-17,1088211
05-Jan-18,1083262
12-Jan-18,1076872
19-Jan-18,1076037
26-Jan-18,1083045
02-Feb-18,1085402
09-Feb-18,1087663
16-Feb-18,1085351
23-Feb-18,1088779
02-Mar-18,1091364
09-Mar-18,1096386
16-Mar-18,1093764
23-Mar-18,1095407
30-Mar-18,1090788
06-Apr-18,1094094
13-Apr-18,1093023
20-Apr-18,1094455
27-Apr-18,1100221
04-May-18,1097315
11-May-18,1094391
18-May-18,1099468
25-May-18,1095289
01-Jun-18,1096752
08-Jun-18,1092609
15-Jun-18,1086543
22-Jun-18,1076652
29-Jun-18,1077897
06-Jul-18,1065263
13-Jul-18,1071098
20-Jul-18,1064951
27-Jul-18,1068754
03-Aug-18,1067402
10-Aug-18,1074207
17-Aug-18,1068370
24-Aug-18,1065804
31-Aug-18,1061502
07-Sep-18,1056205
14-Sep-18,1054147
21-Sep-18,1055999
28-Sep-18,1063974
05-Oct-18,1068655
12-Oct-18,1074075
19-Oct-18,1079263
26-Oct-18,1080939
02-Nov-18,1086487
09-Nov-18,1095386
16-Nov-18,1099477
23-Nov-18,1101049
30-Nov-18,1092723
